---
layout: null
---
<?xml version="1.0" encoding="UTF-8"?>
<rss version="2.0" xmlns:atom="http://www.w3.org/2005/Atom">
  <channel>
    {% if site.title %}
    <title>{{ site.title | xml_escape }}</title>
    {% endif %}
    {% if site.description %}
    <description>{{ site.description | xml_escape }}</description>
    {% endif %}
    <link>{{ '' | absolute_url }}</link>
    <atom:link href="{{ 'feed.xml' | absolute_url }}" rel="self" type="application/rss+xml" />
    {% for post in site.posts limit:20 %}
      <item>
        <title>{{ post.title | xml_escape }}</title>
        <description>
          {% if post.subtitle %}{{ post.subtitle | xml_escape }} - {% endif %}
          {{ post.content | strip_html | xml_escape | truncatewords: 50 }}
        </description>
        <pubDate>{{ post.date | date: "%a, %d %b %Y %H:%M:%S %z" }}</pubDate>
        <link>{{ post.url | absolute_url }}</link>
        <guid isPermaLink="true">{{ post.url | absolute_url }}</guid>
      </item>
    {% endfor %}
  </channel>
</rss>
